"EmployeeID","FullName","Email","Password","PhoneNumber","Address","DateOfBirth","SSN","JobTitle","Department","Salary","JoinDate","Nationality"
"1","Tyler Black","roberthernandez@example.org","lX\_Ge:lj]|n","+1-376-676-3885","PSC 5098, Box 6325, APO AE 85563","1977-11-14","446-13-0535","Tax adviser","Support","134142.4","2017-03-02","Gabon"
"2","Adam Edwards","stewartandrew@example.com","{/.vvc+Qc%43","996-314-4324x845","0933 Oliver Valleys Suite 225, North Mariahside, MI 11109","2000-12-29","662-84-6984","Art gallery manager","Sales","93223.73","2016-10-27","Syrian Arab Republic"
"3","Ashley Clark","tracyjohnson@example.org","Ahha+wITV[MX","709-356-7435","60062 Misty Underpass Suite 784, Michaelchester, DE 36475","1978-01-28","062-92-8775","Homeopath","Finance","76990.22","2024-03-24","Swaziland"
"4","Brenda Ferguson","kathymccall@example.org","So8FEDX<4/YL","+1-908-832-9505x18566","6456 Griffin Rapids Suite 869, West Nicoleside, WV 98471","1996-10-04","412-48-7697","Secretary, company","Engineering","122737.06","2017-12-06","Greenland"
"5","Robin Ayala","moodyjennifer@example.org","Br_NGh6b)&E(","4649229828","08856 Austin Port Apt. 913, West Jonathan, IN 58218","1979-03-20","210-53-8003","Therapeutic radiographer","Engineering","106417.76","2020-05-11","Belize"
"6","Mr. James Coffey","bmorton@example.org","@-ky(;uMAzaS","001-215-866-5281x4560","58838 Laura Pass Apt. 126, North Megan, FL 25161","1994-04-17","596-82-9870","Scientist, water quality","Support","124382.2","2019-11-28","Japan"
"7","John Davis","daniellebaker@example.com","hSr4=Xi$8v{,","001-752-659-9606","9973 Wendy Courts, West Evelyn, IN 46209","1967-08-20","077-29-9567","Chief Strategy Officer","Finance","68986.64","2022-11-14","South Georgia and the South Sandwich Islands"
"8","Paula Santana","denise06@example.org","-""RX3Y}Do,TY","+1-951-448-8957","085 Gordon Fort, West Ricardotown, PR 67879","2003-01-24","153-79-8246","Human resources officer","Support","127724.26","2019-08-25","Kazakhstan"
"9","Sara Copeland","erichardson@example.org","P!?zH~QhkYkR","263.319.5341x4550","PSC 2213, Box 8508, APO AP 38669","1999-06-02","355-07-8100","Careers adviser","Engineering","93692.03","2021-10-15","Grenada"
"10","Lisa Steele","gjones@example.org","y_b#J)4rs'8E","882-935-9790","PSC 9393, Box 0607, APO AA 22247","1976-07-11","414-96-6487","Veterinary surgeon","Marketing","68965.27","2024-12-24","Honduras"
"11","Lindsey Rodriguez","meagan36@example.com","~+myf|gydwu8","4202964961","3116 Matthew Divide Apt. 539, Stewartburgh, PA 77211","1998-01-16","844-96-0379","Loss adjuster, chartered","Engineering","83317.55","2024-06-16","Iran"
"12","Carolyn Riley","emilyhowell@example.net","Ul*N<X]5:ko/","(714)254-4768","009 William Run Suite 090, South Richardhaven, NM 32701","1962-02-12","211-28-6265","Prison officer","Finance","97591.89","2017-03-05","Belgium"
"13","Jamie Christensen","mccarthymolly@example.net",",z'-C~^8>)q0","260-911-7209","52933 Sara Plains Suite 837, North Keithview, CO 62913","1969-03-07","325-72-5851","Presenter, broadcasting","Support","82922.38","2022-06-19","Rwanda"
"14","Kimberly Stephens","aguirrejohn@example.org","UaTN`E'^9hAy","974-802-3603x63904","32890 Armstrong Haven Suite 025, Johnsonberg, ME 80400","1995-06-12","753-40-6305","Probation officer","Support","92378.44","2017-03-02","Mexico"
"15","Thomas Lewis","jonathonparsons@example.net","3|r\.GVO}97@","501-367-4828x33689","3744 Martinez Place Suite 332, Stricklandbury, HI 88955","1983-06-01","023-57-4354","Medical physicist","HR","96831.78","2020-04-19","New Zealand"
"16","Jessica Smith","katherine87@example.com","2-_[MWFs]iH`","001-896-357-0939","2322 Vazquez Rapid Apt. 582, South Marystad, CT 15481","1969-08-29","005-09-6845","Landscape architect","Marketing","53553.1","2018-09-18","Cayman Islands"
"17","Tony Collins","karen43@example.org","}(a?%5>!Ce@c","570.517.3273x4109","05051 Taylor Landing Suite 234, Lake Theresa, PA 67297","1996-03-14","589-15-9210","Surveyor, land/geomatics","Sales","120460.5","2024-12-31","Kazakhstan"
"18","Anna Mcintosh","justinmatthews@example.com","sq3>OwLI%OaY","(647)463-6152","581 Erica Road Suite 418, Combsview, MA 29414","1990-04-09","353-35-6636","Furniture designer","Finance","77489.47","2017-12-17","Mayotte"
"19","Emma Harris","ffowler@example.org","=$|f#-eN'{/r","+1-449-995-5926x06196","1213 Lori Drive Apt. 922, Jonesview, IA 41543","1964-04-04","505-72-1772","Land","Sales","119689.38","2024-10-01","Egypt"
"20","Ashley Robinson","jasonwalker@example.net","UHd3+mPH4'sR","928-560-4509x2329","2067 Brandt Fields Suite 280, East Danaville, CA 09768","1993-06-29","882-03-8316","Pharmacist, hospital","HR","130999.93","2017-04-07","Indonesia"
"21","Kathy Sullivan","sharongarrett@example.net",".<1/1NOy<HRs","+1-374-580-7563x14441","114 Steven Walks, Bryanton, WV 56226","1982-11-05","149-88-2115","Special effects artist","Engineering","105365.67","2016-12-14","Hong Kong"
"22","Darren Murillo","andrew52@example.net","PGrFh^y5ApPM","(636)486-9180x526","PSC 3957, Box 3245, APO AP 73974","1989-10-10","504-06-2894","Merchandiser, retail","HR","87340.18","2022-10-20","Romania"
"23","Veronica Walker","nshah@example.net","To~qGA6_X.:C","(706)436-0771","47370 Ruth Divide Suite 015, Kristyview, FM 72410","1960-01-24","130-58-1780","Holiday representative","Sales","56198.57","2018-11-08","Zimbabwe"
"24","Caitlin Rangel","gonzalesjohn@example.org","T+,R3&veQ&@Q","(521)671-0012x991","708 Chung Prairie, Port Franktown, MO 12172","1979-07-21","129-04-1738","Media buyer","Engineering","106759.12","2022-12-16","Gibraltar"
"25","Jay Black","hilljanice@example.net","8J:/qQ}bZ*p?","001-616-990-4431x23617","331 Veronica Points Apt. 170, West Joannebury, IA 73238","1965-12-30","210-96-9035","Runner, broadcasting/film/video","Engineering","135502.69","2023-11-22","Liechtenstein"
"26","Zachary Martin","christine02@example.com","dq79S-83Jj>;","841-918-0360x010","16935 Williams Pines, North Sally, MN 05858","1980-01-02","513-96-1219","Media planner","Support","79321.73","2016-02-18","Equatorial Guinea"
"27","Erica Lynch","mevans@example.com","L3N`;{Li(7=""","001-465-526-5673x593","4414 Alyssa Curve Apt. 659, Glovermouth, IL 03309","1968-09-29","065-29-5897","Tax inspector","Support","101538.63","2020-10-01","New Zealand"
"28","Andrew Swanson","melanie48@example.org","?>qI]/#X`*MV","(427)605-9349x8404","106 Goodman Pine Apt. 895, Barbaraborough, CT 41042","1973-10-08","750-36-8973","Mental health nurse","Finance","138296.74","2023-01-08","French Polynesia"
"29","Kevin Smith","fanderson@example.com","PLB*'OzResNB","001-722-548-6273x8158","8847 Herrera Parks Apt. 106, Landryshire, AZ 14911","1969-03-07","258-60-0250","Insurance claims handler","Finance","142509.16","2023-12-24","Senegal"
"30","Mr. William Gallagher","tanya45@example.net","_oB7sy/_rTuW","900.891.5550","5785 Watkins Wells Apt. 613, Port Justinmouth, NC 53219","2003-03-23","750-78-4639","Horticulturist, amenity","Support","72336.28","2015-09-23","Guinea-Bissau"
"31","Christopher May","dwashington@example.org","q97"")XoC`D7I","980.766.1338","06400 Tate Green, Mariahside, PA 01048","1976-03-16","383-83-4991","Oncologist","Marketing","133017.65","2021-09-20","Canada"
"32","Christopher Pearson","eperry@example.org","VP5}Qn*_Z*6F","(225)809-9394x31676","18851 Chapman Drives, Susanbury, NM 36255","1997-03-23","502-10-5824","Research scientist (life sciences)","Marketing","97458.58","2017-02-17","Italy"
"33","Tracy Craig","tammyadams@example.net","IN^JKb&~=z.*","(891)495-6174x723","821 Lauren Pass, Port Ashleystad, IA 09124","1965-12-13","830-81-3358","Mining engineer","Support","91173.67","2024-05-25","United Arab Emirates"
"34","Matthew Mcdaniel","keykathleen@example.org","6L<qm""M{~Qhf","969.375.8408","631 Jeremy Turnpike Apt. 956, Hillstad, NC 56990","2002-11-02","307-44-2217","Futures trader","Sales","68272.43","2016-02-24","Bermuda"
"35","Douglas Wright","williamsjeffrey@example.com","IMCvh_bW{{?I","851-780-4062","3289 Cox Extension Apt. 467, Kingburgh, VI 96037","1989-12-02","475-40-3810","Ceramics designer","Support","87580.17","2018-11-20","Saint Martin"
"36","Todd Jones","melendezchristina@example.org","YlL+=)GhZ1Vn","001-974-447-7086","18554 Marcus Burg Apt. 431, North Brianport, KY 85438","1985-06-23","499-99-6435","Lawyer","HR","90985.8","2018-12-18","Madagascar"
"37","Nicholas Hull","huntertracy@example.net","<""B""3,^.mUk-","001-837-492-8396x488","79387 Trevor Shoals Suite 525, New Chris, SD 44800","2001-06-23","594-61-8867","Visual merchandiser","Engineering","88373.13","2016-11-08","Hungary"
"38","Vincent Allen","henryjarvis@example.org","#Z0k-|@Fs6tH","4292559797","2715 Williams Parkway, Gilbertport, PW 42603","1984-01-02","054-15-0117","Archaeologist","Support","116402.82","2020-12-23","Saint Lucia"
"39","Amy Young","kristychaney@example.net","_B&2$kiYM|)B","980-529-2135x0977","31768 Sarah Hills, New Amandaport, WV 95110","2006-04-09","051-76-1706","IT technical support officer","Engineering","89250.36","2023-12-13","Jordan"
"40","Taylor Myers","zwilliams@example.org","a;kP(#5Dk#"".","483.664.5985x7596","81326 Johnson Plaza Suite 710, Kristinmouth, PA 01950","1981-09-21","269-05-6465","Dance movement psychotherapist","Engineering","112903.87","2018-09-12","Tuvalu"
"41","Stacey Garcia","smithjenna@example.org","U$}~7tBYO5(U","586-714-9034x055","5942 Michael Extensions Suite 761, Lake Andrea, NV 21019","1973-07-11","529-64-5982","Analytical chemist","Support","60738.69","2019-12-02","Antigua and Barbuda"
"42","Christopher Acevedo","lorimoore@example.com","uTdGD&!wPEsg","+1-340-921-7941","67664 Vaughan Forks Apt. 351, Port Briannaburgh, HI 83996","1966-09-03","179-10-0454","Secretary, company","HR","143263.4","2019-11-18","Armenia"
"43","Howard Anderson","heatheryang@example.com","%_fKHzP|u9]l","686-508-8938","5127 Ward Port, Scottland, AS 44329","1965-08-26","793-72-5713","Oncologist","Engineering","88095.01","2016-05-06","Togo"
"44","Daniel Thomas","petersenjulie@example.com","?mq""x'Ps+m,F","932.452.5223x19580","8673 Kaufman Hills, North Karenburgh, DC 66269","1986-04-10","036-66-6646","Media planner","HR","59620.28","2018-02-03","San Marino"
"45","Michael Serrano","mathisleslie@example.com","l_eH8r!43';T","947-783-8979x18743","906 Aaron Springs, Lopezbury, AS 01764","1980-06-17","316-14-9501","Accountant, chartered","Finance","50424.3","2024-12-30","Oman"
"46","Angelica Odom","andrea32@example.com","`-k)Lp%,j?;+","815-454-3666x9282","USS Gonzales, FPO AP 39711","1991-03-17","185-53-3526","Consulting civil engineer","Support","112313.49","2024-06-02","Faroe Islands"
"47","Kristine Serrano","williamsfelicia@example.net","*L@>[|4xu2To","979-374-3100","558 Huff Brook, Dixonburgh, NE 55212","1985-12-07","180-78-3959","Production designer, theatre/television/film","Support","85984.67","2018-03-07","Singapore"
"48","Joseph Perez","wthomas@example.org","tWY2lA/x&AD^","761.532.7619x355","7796 Cynthia Court Suite 976, East Brandonmouth, NH 46108","1962-05-05","602-72-4242","Industrial buyer","Support","61914.82","2022-09-09","Saint Kitts and Nevis"
"49","Richard Mcneil","shelley63@example.net","i&S2JKM:td\v","+1-233-602-4977","0369 Baker Stream Suite 544, Garyhaven, AR 94334","1999-04-18","012-52-3186","Herbalist","Finance","143166.75","2017-12-04","Bosnia and Herzegovina"
"50","James Williams","yrivera@example.org","G$P,isiT.:/)","824-990-4521","05265 Kennedy Ferry Apt. 657, North Sherrybury, SC 85566","1981-12-25","786-56-8975","Pharmacist, hospital","Finance","141687.76","2020-03-01","Uganda"
"51","Kathleen Smith","chandlersharon@example.net","+si$#v~^+GVM","8666245557","USNV Fletcher, FPO AP 40463","1975-04-10","104-26-8940","Materials engineer","Marketing","133725.43","2016-02-08","Vanuatu"
"52","Raymond Butler","taylor57@example.org","29]^}J{:'Y_x","892-388-3870x82847","3286 Daniel Centers, Port James, GA 60097","1983-12-13","800-61-9662","Research officer, trade union","Finance","79249.81","2024-09-16","Sri Lanka"
"53","Casey Kerr","jonathanwolf@example.com","xB1W(Kzlv]]r","463.689.5038x590","9748 Manning Way Suite 980, Melanieport, AL 20427","1985-02-02","279-17-2443","Mudlogger","HR","111850.5","2018-05-04","Belarus"
"54","Emma Garcia","eherrera@example.org","Ay<TBn#Ud9rS","+1-983-209-8284x8543","327 Daniel Mountains Apt. 642, New Jacqueline, MH 07967","1991-11-01","879-83-1753","Designer, ceramics/pottery","Marketing","117018.98","2017-05-09","Falkland Islands (Malvinas)"
"55","Jonathan Woods","kristadavis@example.com","Ro{$ZA;;J.AP","300-850-2407","071 Smith Bypass, New Melissa, MH 35926","1979-04-18","610-70-8278","Accountant, chartered management","HR","77454.15","2017-02-10","Brunei Darussalam"
"56","Gerald Brooks","alyssa88@example.org",";umJ2cBz`0<y","893-406-2253x830","88691 Garcia Stravenue Apt. 733, Gomezchester, OK 01333","1974-08-30","539-79-1447","Museum education officer","Finance","54977.39","2015-07-24","Dominican Republic"
"57","Donna Mcdonald","wendy31@example.net","7\9q),rd>e2m","(827)533-9516","USNS Bates, FPO AP 27218","1975-09-22","355-73-5537","Nurse, mental health","Engineering","84553.3","2024-11-14","Bulgaria"
"58","Michael Rodriguez","xbooker@example.net","%Vfv<@Pz1'6J","397-742-8599","575 John Shoal Apt. 997, Warnerberg, NM 81072","1959-08-03","380-94-6787","Engineer, broadcasting (operations)","HR","116941.28","2024-08-25","Senegal"
"59","Mary Baxter","mossthomas@example.com","W/vT\/)hSzDs","001-404-668-5222","93159 Peter Street, Brittanyfort, NH 74358","1986-05-12","811-20-1889","Chief Executive Officer","HR","104985.22","2020-05-05","Puerto Rico"
"60","Lawrence Williams","alexpayne@example.com","ww2NK9_R(}N8","428.928.1562x568","674 Ferrell Grove Apt. 614, Clarktown, VA 24402","1964-03-16","822-92-4529","Seismic interpreter","HR","92973.25","2017-10-12","Korea"
"61","Tracy Hughes","vhughes@example.org","r%c~-tqo@iPt","(793)641-2727","73678 Nicholas Route Suite 134, South Brendahaven, IL 73762","1985-12-29","377-78-6038","Public librarian","Finance","60353.31","2024-09-23","Hong Kong"
"62","Shelby Thomas","rhodesthomas@example.com","_4Fq""GyQ4f_{","(771)746-7634x838","Unit 0808 Box 0756, DPO AA 77078","1969-09-23","492-45-8737","Environmental manager","HR","94906.75","2021-07-24","Heard Island and McDonald Islands"
"63","Michael Martin","johnsonrobert@example.net","Q%Xx:yQ>~Jyw","(590)889-7834","321 Collin Tunnel Apt. 851, Debraborough, ND 57362","1997-09-24","194-71-6702","Software engineer","Engineering","73352.06","2020-08-31","Thailand"
"64","Robert Copeland","todddean@example.org","lPZ<huveJw0Y","993.917.3656x17093","3250 Laura Shoals, Hawkinsshire, WY 38297","1976-05-30","244-04-2875","Doctor, general practice","Support","90511.86","2022-05-29","Niue"
"65","Jeffrey Jacobson","andrewmiller@example.com","v-@gGx7V/w5Z","001-976-509-5078","216 Baker Park, East Jefferytown, DC 37059","1962-05-06","469-19-0393","Engineer, land","Support","126082.02","2023-06-27","Estonia"
"66","Bradley Henry","jacobsonlindsay@example.org","}+oa_;sic1HO","+1-412-672-4601x335","750 Luis Coves Apt. 168, East Erica, SC 76248","1997-05-27","069-36-8633","Phytotherapist","HR","134092.9","2020-11-07","Iraq"
"67","Jennifer Kidd","george69@example.net","S*'KnEKu>^cB","+1-500-934-2010x2983","3274 Hodges Orchard, East Andreaborough, OK 23172","1992-10-19","393-01-5900","Comptroller","Support","64235.54","2024-08-09","Philippines"
"68","David Clay","williamsjames@example.com","52qOQ@}8a><j","9916286211","2769 Gray Causeway, North Michelle, CA 68943","1987-09-09","300-62-3210","Administrator, arts","HR","73064.73","2024-08-17","Chile"
"69","Jacqueline Rivera","grahamalicia@example.net","pi+4-a#~A(_V","(538)799-4280x11608","90152 Dunlap Estates, North Sara, KS 33521","2006-01-16","583-96-1829","Therapist, sports","Sales","128796.14","2022-07-25","Jersey"
"70","Katherine Hammond","erin21@example.org",",%.R6Fb4qmH8","(444)308-3638","36504 Sheryl Manors, Lake Erintown, AK 11623","1977-06-16","273-46-3368","Teacher, music","Finance","77666.66","2021-01-19","Isle of Man"
"71","Ashlee Miller","spencerrobin@example.org",">z^5Z5{xvI4O","+1-436-535-8982x3438","Unit 9779 Box 8725, DPO AE 14451","2000-03-03","352-42-8352","Adult guidance worker","Marketing","93661.45","2018-10-08","Qatar"
"72","Shelley Thompson","melissa36@example.com","tttu4D91q,c7","717.355.1180","67681 Wise Stravenue, North Randy, NM 03153","1985-03-02","232-88-0199","Radiographer, therapeutic","Marketing","93598.66","2019-02-24","Jordan"
"73","Joseph Wright","braycory@example.org","l(8jhIaY8vL-","+1-907-538-8997x7554","PSC 7913, Box 1211, APO AE 12990","1993-01-22","521-48-1391","Comptroller","Marketing","95194.41","2020-05-15","Benin"
"74","Paul Williamson","campbellcarla@example.com","O:+a""\z=hn{n","001-751-677-0291x9284","800 Rodriguez Locks, Waltonbury, KY 13631","1967-05-06","156-74-6580","Scientist, research (physical sciences)","Marketing","119824.59","2020-10-28","Swaziland"
"75","Andrew Bowman","angelagonzalez@example.org",";$\uFk_buvR-","+1-999-917-1053x81274","8972 Santana Greens, Martinton, UT 71263","1964-11-06","077-39-5160","Designer, textile","HR","68534.96","2025-03-31","Sierra Leone"
"76","Crystal Henderson","jennamiranda@example.com",":#\<yM1X217a","(243)430-9288x22128","16646 Martin Curve Apt. 755, Olsenstad, AK 65853","1989-03-04","548-57-0002","Psychologist, sport and exercise","HR","51629.46","2019-09-05","Saudi Arabia"
"77","Daniel Davis","patricia00@example.net","70Bl_iM:(%8i","945-595-6169x9604","08696 Hernandez Streets, West Nicholasburgh, OK 71387","1959-10-14","583-75-4779","Catering manager","Support","136151.39","2016-01-01","United States Virgin Islands"
"78","Michael Maddox","lorigarcia@example.net","1#'ij&0EQ4sT","833.295.7160x4994","072 Caldwell Shores, New Brandon, KY 11115","1982-08-08","162-09-8921","Speech and language therapist","Finance","120792.85","2023-04-30","Norway"
"79","David Barron","corey62@example.net","c^175p5yX@'8","001-816-287-7668x598","438 Curry Fork, Martinstad, ID 76011","1963-08-01","398-92-8463","Engineer, petroleum","Sales","63723.48","2019-05-26","Switzerland"
"80","Kathy Acevedo","raymond47@example.com","h4c&A|jFS[Ph","+1-264-741-5374","7595 Richardson Mission, Connieview, NH 93197","1993-08-01","104-37-1086","Furniture designer","HR","135479.86","2018-09-25","Lithuania"
"81","Nicholas Butler","floresryan@example.net","LI`|TxK38S%?","001-783-298-4678x130","88373 Rios Crossroad Suite 915, Kimberlyview, GU 60865","1995-03-19","833-10-4383","Commissioning editor","Marketing","62240.21","2016-09-29","Malawi"
"82","Greg Jenkins","growe@example.net","#I2ni;vaNG=R","(947)705-5157x495","481 Darlene Canyon, North Alex, RI 97442","1991-11-01","034-04-1380","Therapist, music","Finance","82484.64","2020-06-02","Guyana"
"83","Lisa Austin","benjamincummings@example.com","b?qj(6}:v)3)","741-615-1134x7243","57544 Acosta Lock Suite 753, Bushton, MN 88543","2003-11-30","192-42-5321","Sports therapist","Finance","123781.26","2024-04-27","Jordan"
"84","Christina Hall","deniserollins@example.com","3,\_Ea#XM}*8","+1-320-960-0008x573","8263 Jason Islands Apt. 778, Port Crystalburgh, MH 08046","1990-04-10","196-51-5020","Optometrist","HR","89009.89","2021-08-02","Macao"
"85","Elizabeth Kelly","sarahcooley@example.org","K}&.xXyi)d29","492.445.7673x65075","5402 Mark Pine, North Christian, OK 62578","2006-01-13","207-57-2768","Chemist, analytical","HR","51634.56","2019-01-28","Haiti"
"86","Sara Wright MD","william10@example.org","VU%maU%""s/7j","+1-860-386-3632x89923","5765 Kathryn Shoal Suite 223, New Lisahaven, MP 62257","1992-08-14","662-65-1832","Medical technical officer","Marketing","85077.84","2015-11-10","Jersey"
"87","Robyn Smith DDS","emily85@example.org","^MeJ%+xSgf:`","(459)254-6296x7998","68318 Adkins Locks, North Mikefurt, NV 11982","1977-10-04","814-31-6256","Games developer","Support","108351.48","2019-09-14","France"
"88","Joy Coleman","lewisjames@example.org","4cHO~&0q+:ol","(371)779-1145","476 Samuel Orchard, Ashleymouth, AR 90028","1981-05-21","763-90-1249","Industrial buyer","Sales","102802.39","2016-06-12","Syrian Arab Republic"
"89","Daniel Stephens","hansonnicholas@example.net","]}:XJea?:dZ$","(734)338-5596x216","0864 Patterson Square, North Sarah, GA 96882","1995-12-12","705-10-7162","Engineer, aeronautical","Engineering","145125.42","2023-04-08","Korea"
"90","Travis Goodman","javier36@example.org","AYtX{M<Vl""Ii","001-854-434-7100x57806","94767 Connor Lane, West Jennaberg, PR 27360","1968-06-06","094-39-3473","Fisheries officer","Finance","110259.21","2024-01-24","Norway"
"91","Erika Cook","ritapeck@example.org","s`(ta5,wRI]5","(323)776-9422x7402","Unit 1558 Box 6627, DPO AA 55739","1961-06-17","016-80-2502","Mudlogger","Sales","134352.15","2021-03-01","Cambodia"
"92","David Montgomery","mark26@example.org","3hHBo;<Rx{Tw","667.341.5150x933","849 Megan Way, West Thomas, MS 86648","2000-05-19","509-56-6790","Administrator","HR","110533.41","2022-01-05","Zambia"
"93","Jeffery Davis","robinsonmarcus@example.com",")U]2k;Uv+OkU","(890)360-0447x36816","20642 Michelle Dam, Lorihaven, ME 99028","1988-11-07","881-65-5586","Film/video editor","HR","125434.1","2020-11-12","Guinea"
"94","Rhonda Thomas","rickdavidson@example.org",":3;awWhN:,]h","001-636-700-3725x83508","7758 Robert Fords Apt. 263, Scottberg, KS 20868","1980-05-15","715-80-4479","Public affairs consultant","Support","56998.29","2016-09-12","French Guiana"
"95","Richard Morales","derek86@example.net","JU21y3}xm~:d","6326709018","9931 Katrina Extension Suite 203, Cartermouth, MN 55883","1982-04-13","640-93-4008","Insurance claims handler","Finance","80996.06","2019-07-30","Ethiopia"
"96","Harry Hall DDS","reneelarson@example.net","E72e_CG#8F1@","362-203-7755x45886","USNV Brown, FPO AE 61670","1997-03-26","366-07-0124","Insurance account manager","Sales","89257.38","2023-09-25","Iran"
"97","Tamara Long","melissa06@example.com","'=hOz)0iw""'E","001-589-754-0551x8447","6493 Stokes Mills Suite 290, Jeffreymouth, IN 02188","1988-03-21","512-63-8477","Psychologist, forensic","Marketing","84457.12","2023-09-11","Italy"
"98","Alexis Trevino","hsharp@example.com","tC;uGu>\YUu-","768.990.3641x30058","Unit 0953 Box 2789, DPO AP 30842","1960-07-23","170-23-0966","Press photographer","Engineering","60913.32","2022-07-08","Eritrea"
"99","Anna Ramos","isaac64@example.net","yu$wXImu3F*r","+1-693-950-5893x176","278 Kaitlin Knoll, East Danielleview, AL 80846","1961-10-08","832-20-6026","Accountant, chartered certified","Finance","115602.98","2018-10-20","Tanzania"
"100","Monica Henderson","kathleen34@example.net","iyDB*NA8cV)M","9842548183","46561 Michael Overpass, Wrightton, NH 03030","1989-07-07","004-60-3191","Conservator, furniture","Finance","113389.29","2020-10-10","Christmas Island"
